Full Link,Token
https://t.me/Rex_te7st_bot?start=1YMnB2kF0q0,1YMnB2kF0q0
https://t.me/Rex_te7st_bot?start=Wmi7aqMfQvU,Wmi7aqMfQvU
https://t.me/Rex_te7st_bot?start=B_Yzrv2xn5E,B_Yzrv2xn5E
https://t.me/Rex_te7st_bot?start=LNNqcAxesh0,LNNqcAxesh0
https://t.me/Rex_te7st_bot?start=7y95BLqGyGI,7y95BLqGyGI
https://t.me/Rex_te7st_bot?start=zD6dO1V8feQ,zD6dO1V8feQ
https://t.me/Rex_te7st_bot?start=FwtY5wpzcrE,FwtY5wpzcrE
https://t.me/Rex_te7st_bot?start=sl9b2gStsiM,sl9b2gStsiM
https://t.me/Rex_te7st_bot?start=3zPC1HlsaG4,3zPC1HlsaG4
https://t.me/Rex_te7st_bot?start=9iqgVhwPM8E,9iqgVhwPM8E
https://t.me/Rex_te7st_bot?start=kQ3atd8soHg,kQ3atd8soHg
https://t.me/Rex_te7st_bot?start=3g-2gEJINsU,3g-2gEJINsU
https://t.me/Rex_te7st_bot?start=gAR4zs-iUzc,gAR4zs-iUzc
https://t.me/Rex_te7st_bot?start=B_UaNjdlejg,B_UaNjdlejg
https://t.me/Rex_te7st_bot?start=eq7UJe-jWoY,eq7UJe-jWoY
https://t.me/Rex_te7st_bot?start=GhVCfNMRjvo,GhVCfNMRjvo
https://t.me/Rex_te7st_bot?start=gIzTNaJR5JA,gIzTNaJR5JA
https://t.me/Rex_te7st_bot?start=0qWUcGvIx8o,0qWUcGvIx8o
https://t.me/Rex_te7st_bot?start=5X9zVkW5dTM,5X9zVkW5dTM
https://t.me/Rex_te7st_bot?start=THbIe5pQLgI,THbIe5pQLgI
https://t.me/Rex_te7st_bot?start=FWOlkGaaSk4,FWOlkGaaSk4
https://t.me/Rex_te7st_bot?start=5OHkX-57vdw,5OHkX-57vdw
https://t.me/Rex_te7st_bot?start=7rwfUsKZmmA,7rwfUsKZmmA
https://t.me/Rex_te7st_bot?start=jFgvJwdU1ak,jFgvJwdU1ak
https://t.me/Rex_te7st_bot?start=pmoXDNBWIaA,pmoXDNBWIaA
https://t.me/Rex_te7st_bot?start=MjlHvXtiJsc,MjlHvXtiJsc
https://t.me/Rex_te7st_bot?start=px8DRHMO1lA,px8DRHMO1lA
https://t.me/Rex_te7st_bot?start=L4Llz6awXoo,L4Llz6awXoo
https://t.me/Rex_te7st_bot?start=-gNLZGlLCpg,-gNLZGlLCpg
https://t.me/Rex_te7st_bot?start=WYTe0YihmOg,WYTe0YihmOg
https://t.me/Rex_te7st_bot?start=Js58z6fOIiM,Js58z6fOIiM
https://t.me/Rex_te7st_bot?start=cuCMNuSwPo4,cuCMNuSwPo4
https://t.me/Rex_te7st_bot?start=wCvacJzOAI4,wCvacJzOAI4
https://t.me/Rex_te7st_bot?start=STcDmSg-UNc,STcDmSg-UNc
https://t.me/Rex_te7st_bot?start=9DkyaMl08Dg,9DkyaMl08Dg
https://t.me/Rex_te7st_bot?start=8wNCNc-hDnI,8wNCNc-hDnI
https://t.me/Rex_te7st_bot?start=AhLMchLnJTM,AhLMchLnJTM
https://t.me/Rex_te7st_bot?start=Xe8svcM06_w,Xe8svcM06_w
https://t.me/Rex_te7st_bot?start=5Y8YFMk4raM,5Y8YFMk4raM
https://t.me/Rex_te7st_bot?start=iAmfTL9nTp4,iAmfTL9nTp4
https://t.me/Rex_te7st_bot?start=kISnhfukL_s,kISnhfukL_s
https://t.me/Rex_te7st_bot?start=q-lsPt_lSl4,q-lsPt_lSl4
https://t.me/Rex_te7st_bot?start=-_uqbWVmj3I,-_uqbWVmj3I
https://t.me/Rex_te7st_bot?start=7up9k6493kI,7up9k6493kI
https://t.me/Rex_te7st_bot?start=w9f6pG_xQPs,w9f6pG_xQPs
https://t.me/Rex_te7st_bot?start=Vw7JcXt_Hgg,Vw7JcXt_Hgg
https://t.me/Rex_te7st_bot?start=Ct0mQPp4C-E,Ct0mQPp4C-E
https://t.me/Rex_te7st_bot?start=6YovCgnYQmQ,6YovCgnYQmQ
https://t.me/Rex_te7st_bot?start=cjxRNcL-VYw,cjxRNcL-VYw
https://t.me/Rex_te7st_bot?start=0jsBuIerSWw,0jsBuIerSWw
https://t.me/Rex_te7st_bot?start=M0JSz2BfD_o,M0JSz2BfD_o
https://t.me/Rex_te7st_bot?start=SgA66Sw-kCM,SgA66Sw-kCM
https://t.me/Rex_te7st_bot?start=h50j2ucEQfA,h50j2ucEQfA
https://t.me/Rex_te7st_bot?start=bKPzdYV-c8Y,bKPzdYV-c8Y
https://t.me/Rex_te7st_bot?start=yOQUr3ayiPE,yOQUr3ayiPE
https://t.me/Rex_te7st_bot?start=rdc8mGJHQ7w,rdc8mGJHQ7w
https://t.me/Rex_te7st_bot?start=OIOMl7QMkEg,OIOMl7QMkEg
https://t.me/Rex_te7st_bot?start=P-xV-rrkyho,P-xV-rrkyho
https://t.me/Rex_te7st_bot?start=WeV9FO2iOi8,WeV9FO2iOi8
https://t.me/Rex_te7st_bot?start=w_9wCiH0IQ0,w_9wCiH0IQ0
https://t.me/Rex_te7st_bot?start=KBmxcamx1bU,KBmxcamx1bU
https://t.me/Rex_te7st_bot?start=LbnjxxjvWO0,LbnjxxjvWO0
https://t.me/Rex_te7st_bot?start=TNmB1ml9IYs,TNmB1ml9IYs
https://t.me/Rex_te7st_bot?start=oVvqxRv6r40,oVvqxRv6r40
https://t.me/Rex_te7st_bot?start=ff-Jj1wn9Y4,ff-Jj1wn9Y4
https://t.me/Rex_te7st_bot?start=OoemrdA8_2U,OoemrdA8_2U
https://t.me/Rex_te7st_bot?start=4HGbAli0OpE,4HGbAli0OpE
https://t.me/Rex_te7st_bot?start=kRw2kcSZm9E,kRw2kcSZm9E
https://t.me/Rex_te7st_bot?start=WtZnzf8PGRI,WtZnzf8PGRI
https://t.me/Rex_te7st_bot?start=bxVIyFKT4DI,bxVIyFKT4DI
https://t.me/Rex_te7st_bot?start=ve5KA9kseII,ve5KA9kseII
https://t.me/Rex_te7st_bot?start=hiK3kr3257k,hiK3kr3257k
https://t.me/Rex_te7st_bot?start=zeglZ9REKIQ,zeglZ9REKIQ
https://t.me/Rex_te7st_bot?start=5TN6JHkR1GQ,5TN6JHkR1GQ
https://t.me/Rex_te7st_bot?start=EvhYwl-a0-M,EvhYwl-a0-M
https://t.me/Rex_te7st_bot?start=zbWYH31i9is,zbWYH31i9is
https://t.me/Rex_te7st_bot?start=rRA_XdS51bk,rRA_XdS51bk
https://t.me/Rex_te7st_bot?start=SO5PCbA9QYw,SO5PCbA9QYw
https://t.me/Rex_te7st_bot?start=_5Orsv-lvRg,_5Orsv-lvRg
https://t.me/Rex_te7st_bot?start=Aux2RQjfsXc,Aux2RQjfsXc
https://t.me/Rex_te7st_bot?start=IB6JHD7pqFY,IB6JHD7pqFY
https://t.me/Rex_te7st_bot?start=oWfNVPDoMeI,oWfNVPDoMeI
https://t.me/Rex_te7st_bot?start=rNT96wQ2vmA,rNT96wQ2vmA
https://t.me/Rex_te7st_bot?start=AguUFZYe56w,AguUFZYe56w
https://t.me/Rex_te7st_bot?start=hUX0pIQoK0U,hUX0pIQoK0U
https://t.me/Rex_te7st_bot?start=c2ncZOAojO0,c2ncZOAojO0
https://t.me/Rex_te7st_bot?start=6OEmbAVOaE4,6OEmbAVOaE4
https://t.me/Rex_te7st_bot?start=c7HVrRO-azo,c7HVrRO-azo
https://t.me/Rex_te7st_bot?start=k68bIx5mzkQ,k68bIx5mzkQ
https://t.me/Rex_te7st_bot?start=C-ZhW0C5TkA,C-ZhW0C5TkA
https://t.me/Rex_te7st_bot?start=m18P4agOM58,m18P4agOM58
https://t.me/Rex_te7st_bot?start=o8j5eDBPmc0,o8j5eDBPmc0
https://t.me/Rex_te7st_bot?start=1NvL_g5ebR0,1NvL_g5ebR0
https://t.me/Rex_te7st_bot?start=Yh5-pALFLH8,Yh5-pALFLH8
https://t.me/Rex_te7st_bot?start=xXOZEg0QG5M,xXOZEg0QG5M
https://t.me/Rex_te7st_bot?start=V62AdCQwYpQ,V62AdCQwYpQ
https://t.me/Rex_te7st_bot?start=GU6sJU5j4OU,GU6sJU5j4OU
https://t.me/Rex_te7st_bot?start=G5TgEEVj588,G5TgEEVj588
https://t.me/Rex_te7st_bot?start=iXdYIuwkdEU,iXdYIuwkdEU
https://t.me/Rex_te7st_bot?start=UwjDBy2YMp4,UwjDBy2YMp4
